source file,source file size (B),encryption algorithm,compression algorithm,order,encryption time (ms),compression time (ms),encrypted and compressed file size (B),decompression time (ms),decryption time (ms),intermediate write time(ms),intermediate read time(ms),final write time(ms),first intermediate size (after first operation) (B),initial characterization - mean,initial characterization - std,initial characterization - max,initial characterization - total keys,after encryption characterization - mean,after encryption characterization - std,after encryption characterization - max,after encryption characterization - total keys,repetition #,total time EXCL. read + write times (ms),total time INCL. read and write times,compression ratio,estimated network time @ 1Mbps (ms),estimated network time @ 5Mbps (ms),estimated network time @ 10Mbps (ms)
10_mb.pdf,11081517,NoEnc,NoZip,Compression First,0.0,0.0,11081517,0.0,1.0251998901367188,8.001089096069336,31.20088577270508,8.012533187866211,11081550,REMOVED,REMOVED,REMOVED,REMOVED,REMOVED,REMOVED,REMOVED,REMOVED,REMOVED,1.0251998901367188,38.20061683654785,1.0,88652.136,17730.4272,8865.2136
10_mb.pdf,11081517,NoEnc,NoZip,Encryption First,0.0,0.0,11081517,0.9822845458984376,1.007795333862305,21.219253540039062,30.94029426574707,9.002923965454102,11081550,REMOVED,REMOVED,REMOVED,REMOVED,REMOVED,REMOVED,REMOVED,REMOVED,REMOVED,1.007795333862305,44.13247108459473,1.0,88652.136,17730.4272,8865.2136
10_mb.pdf,11081517,NoEnc,bzip,Compression First,1.0137557983398438,4078.0980587005615,7747044,985.7299327850342,2.0122528076171875,5.044937133789063,17.00758934020996,6.995916366577148,7747077,REMOVED,REMOVED,REMOVED,REMOVED,REMOVED,REMOVED,REMOVED,REMOVED,REMOVED,5063.827991485596,5082.817554473877,0.6990959811729748,61976.352,12395.2704,6197.635200000001
10_mb.pdf,11081517,NoEnc,bzip,Encryption First,0.0,3719.82216835022,7747044,1044.0912246704102,1.0547637939453125,5.097627639770508,14.64247703552246,7.11822509765625,11081550,REMOVED,REMOVED,REMOVED,REMOVED,REMOVED,REMOVED,REMOVED,REMOVED,REMOVED,4763.91339302063,4779.65784072876,0.6990959811729748,61976.352,12395.2704,6197.635200000001
10_mb.pdf,11081517,NoEnc,gzip,Compression First,2.000093460083008,532.2847366333008,9892971,93.8425064086914,1.0151863098144531,6.353616714477539,18.30458641052246,8.006572723388672,9893004,REMOVED,REMOVED,REMOVED,REMOVED,REMOVED,REMOVED,REMOVED,REMOVED,REMOVED,590.3551578521729,612.7090454101562,0.8927451900312926,79143.768,15828.7536,7914.3768
10_mb.pdf,11081517,NoEnc,gzip,Encryption First,0.0,641.1011219024658,9892971,91.00627899169922,1.0249614715576172,6.119966506958008,13.584375381469728,10.020971298217772,11081550,REMOVED,REMOVED,REMOVED,REMOVED,REMOVED,REMOVED,REMOVED,REMOVED,REMOVED,692.4784183502197,714.249849319458,0.8927451900312926,79143.768,15828.7536,7914.3768
10_mb.pdf,11081517,NoEnc,zip,Compression First,1.024484634399414,522.6023197174072,9899157,84.10930633544922,1.9998550415039065,7.102251052856445,26.079893112182617,8.305549621582031,9899190,REMOVED,REMOVED,REMOVED,REMOVED,REMOVED,REMOVED,REMOVED,REMOVED,REMOVED,587.0873928070068,615.0989532470703,0.8933034168516819,79193.256,15838.651199999998,7919.325599999999
10_mb.pdf,11081517,NoEnc,zip,Encryption First,0.0,551.4867305755615,9899157,92.210054397583,1.0099411010742188,8.212804794311523,27.283430099487305,8.002281188964844,11081550,REMOVED,REMOVED,REMOVED,REMOVED,REMOVED,REMOVED,REMOVED,REMOVED,REMOVED,639.8963928222656,663.2306575775146,0.8933034168516819,79193.256,15838.651199999998,7919.325599999999
10_mb.pdf,11081517,NoEnc,lzma,Compression First,2.0089149475097656,1668.0891513824463,1699196,148.482084274292,2.01272964477539,3.160238265991211,10.005950927734377,7.095575332641602,1699229,REMOVED,REMOVED,REMOVED,REMOVED,REMOVED,REMOVED,REMOVED,REMOVED,REMOVED,1775.1667499542236,1791.3932800292969,0.1533360459583286,13593.568,2718.7136,1359.3568
10_mb.pdf,11081517,NoEnc,lzma,Encryption First,0.0,1434.7405433654783,1699196,125.65231323242188,1.066446304321289,4.224538803100586,10.035991668701172,8.94784927368164,11081550,REMOVED,REMOVED,REMOVED,REMOVED,REMOVED,REMOVED,REMOVED,REMOVED,REMOVED,1542.896032333374,1559.0529441833496,0.1533360459583286,13593.568,2718.7136,1359.3568
10_mb.pdf,11081517,Fernet,NoZip,Compression First,165.9226417541504,0.0,14775436,1.1670589447021484,104.64763641357422,9.107112884521484,32.971858978271484,6.004095077514648,11081550,REMOVED,REMOVED,REMOVED,REMOVED,REMOVED,REMOVED,REMOVED,REMOVED,REMOVED,271.54088020324707,289.4585132598877,1.3333405525615312,118203.488,23640.697600000003,11820.348800000002
10_mb.pdf,11081517,Fernet,NoZip,Encryption First,113.86489868164062,1.007795333862305,14775436,0.9996891021728516,99.6723175048828,11.05356216430664,28.024911880493164,7.388830184936523,14775469,REMOVED,REMOVED,REMOVED,REMOVED,REMOVED,REMOVED,REMOVED,REMOVED,REMOVED,202.73089408874512,232.1164608001709,1.3333405525615312,118203.488,23640.697600000003,11820.348800000002
10_mb.pdf,11081517,Fernet,bzip,Compression First,89.54596519470215,3985.278606414795,10329484,959.1903686523438,71.26712799072266,8.01396369934082,22.012710571289062,8.076190948486328,7747077,REMOVED,REMOVED,REMOVED,REMOVED,REMOVED,REMOVED,REMOVED,REMOVED,REMOVED,5083.882808685303,5110.796689987183,0.9321362770097272,82635.872,16527.1744,8263.5872
10_mb.pdf,11081517,Fernet,bzip,Encryption First,141.35241508483887,1664.0653610229492,11160807,1144.5965766906738,112.3192310333252,9.084463119506836,16.69764518737793,7.100582122802734,14775469,REMOVED,REMOVED,REMOVED,REMOVED,REMOVED,REMOVED,REMOVED,REMOVED,REMOVED,2690.774440765381,2715.70897102356,1.0071551575474729,89286.456,17857.2912,8928.6456
10_mb.pdf,11081517,Fernet,gzip,Compression First,106.92143440246582,601.2725830078125,13190712,64.67771530151367,93.99151802062988,9.649991989135742,22.205114364624023,8.991241455078125,9893004,REMOVED,REMOVED,REMOVED,REMOVED,REMOVED,REMOVED,REMOVED,REMOVED,REMOVED,817.9407119750977,844.9752330780029,1.1903345002313312,105525.696,21105.1392,10552.5696
10_mb.pdf,11081517,Fernet,gzip,Encryption First,114.24875259399414,973.747968673706,11192950,111.43970489501952,118.71838569641112,8.660554885864258,20.005464553833008,6.021022796630859,14775469,REMOVED,REMOVED,REMOVED,REMOVED,REMOVED,REMOVED,REMOVED,REMOVED,REMOVED,1251.5971660614014,1272.991180419922,1.0100557531969676,89543.6,17908.72,8954.36
10_mb.pdf,11081517,Fernet,zip,Compression First,145.04456520080566,502.62451171875,13198968,84.44762229919434,126.0385513305664,8.919000625610352,22.287607192993164,9.025812149047852,9899190,REMOVED,REMOVED,REMOVED,REMOVED,REMOVED,REMOVED,REMOVED,REMOVED,REMOVED,807.2729110717773,838.5341167449951,1.1910795245813366,105591.744,21118.3488,10559.1744
10_mb.pdf,11081517,Fernet,zip,Encryption First,112.79630661010742,932.1143627166748,11193095,91.25828742980956,98.70672225952148,8.005619049072266,24.35755729675293,12.987852096557615,14775469,REMOVED,REMOVED,REMOVED,REMOVED,REMOVED,REMOVED,REMOVED,REMOVED,REMOVED,1186.2614154815674,1208.616018295288,1.010068838048076,89544.76,17908.952,8954.476
10_mb.pdf,11081517,Fernet,lzma,Compression First,23.691415786743164,1590.3286933898926,2265676,128.1106472015381,24.080514907836918,2.278566360473633,12.089967727661133,6.037235260009766,1699229,REMOVED,REMOVED,REMOVED,REMOVED,REMOVED,REMOVED,REMOVED,REMOVED,REMOVED,1748.3510971069336,1763.3588314056396,0.2044554008264392,18125.408,3625.0816,1812.5408
10_mb.pdf,11081517,Fernet,lzma,Encryption First,95.32308578491212,6666.303396224976,11323424,861.255407333374,129.3163299560547,7.992744445800781,17.197370529174805,8.106231689453125,14775469,REMOVED,REMOVED,REMOVED,REMOVED,REMOVED,REMOVED,REMOVED,REMOVED,REMOVED,7463.481903076172,7484.485387802124,1.0218297729453467,90587.392,18117.4784,9058.7392
10_mb.pdf,11081517,NaCl,NoZip,Compression First,48.01821708679199,0.0,11081557,1.056194305419922,49.19743537902832,6.0291290283203125,15.989303588867188,7.966518402099609,11081550,REMOVED,REMOVED,REMOVED,REMOVED,REMOVED,REMOVED,REMOVED,REMOVED,REMOVED,87.58950233459473,115.56458473205566,1.000003609614099,88652.456,17730.4912,8865.2456
10_mb.pdf,11081517,NaCl,NoZip,Encryption First,45.46833038330078,1.0399818420410156,11081557,1.0232925415039062,40.70115089416504,5.030155181884766,19.00553703308105,8.031368255615234,11081590,REMOVED,REMOVED,REMOVED,REMOVED,REMOVED,REMOVED,REMOVED,REMOVED,REMOVED,71.48289680480957,89.51520919799805,1.000003609614099,88652.456,17730.4912,8865.2456
10_mb.pdf,11081517,NaCl,bzip,Compression First,39.95943069458008,3858.009099960327,7747084,915.9393310546876,40.28916358947754,5.574703216552734,16.998767852783203,7.034540176391602,7747077,REMOVED,REMOVED,REMOVED,REMOVED,REMOVED,REMOVED,REMOVED,REMOVED,REMOVED,4835.181951522827,4856.186866760254,0.6990995907870736,61976.672,12395.3344,6197.6672
10_mb.pdf,11081517,NaCl,bzip,Encryption First,33.62917900085449,1886.7435455322263,11133362,912.6925468444824,57.578325271606445,7.0037841796875,18.103599548339844,7.109165191650391,11081590,REMOVED,REMOVED,REMOVED,REMOVED,REMOVED,REMOVED,REMOVED,REMOVED,REMOVED,2660.328865051269,2687.635898590088,1.00467851107389,89066.896,17813.3792,8906.6896
10_mb.pdf,11081517,NaCl,gzip,Compression First,50.09341239929199,559.7805976867676,9893011,89.37215805053711,45.68958282470703,6.922483444213867,18.25714111328125,6.940126419067383,9893004,REMOVED,REMOVED,REMOVED,REMOVED,REMOVED,REMOVED,REMOVED,REMOVED,REMOVED,700.2897262573242,730.2694320678711,0.8927487996453916,79144.088,15828.8176,7914.4088
10_mb.pdf,11081517,NaCl,gzip,Encryption First,52.00004577636719,462.4431133270264,11084960,30.08127212524414,59.476613998413086,8.086919784545898,19.174814224243164,6.033182144165039,11081590,REMOVED,REMOVED,REMOVED,REMOVED,REMOVED,REMOVED,REMOVED,REMOVED,REMOVED,543.1756973266602,572.3822116851807,1.0003106975335596,88679.68,17735.936,8867.968
10_mb.pdf,11081517,NaCl,zip,Compression First,53.56597900390625,489.4886016845703,9899197,108.65020751953124,47.730445861816406,7.001876831054688,17.007827758789062,8.067131042480469,9899190,REMOVED,REMOVED,REMOVED,REMOVED,REMOVED,REMOVED,REMOVED,REMOVED,REMOVED,673.0172634124756,693.9442157745361,0.8933070264657809,79193.576,15838.7152,7919.357599999999
10_mb.pdf,11081517,NaCl,zip,Encryption First,37.06240653991699,416.9981479644776,11085048,26.09443664550781,43.95008087158203,6.913661956787109,22.61042594909668,384.87911224365234,11081590,REMOVED,REMOVED,REMOVED,REMOVED,REMOVED,REMOVED,REMOVED,REMOVED,REMOVED,512.0067596435547,787.4236106872559,1.0003186386845773,88680.384,17736.076800000003,8868.038400000001
10_mb.pdf,11081517,NaCl,lzma,Compression First,10.07223129272461,1614.0642166137695,1699236,162.872314453125,13.185262680053713,2.63667106628418,11.156082153320312,9.974002838134766,1699229,REMOVED,REMOVED,REMOVED,REMOVED,REMOVED,REMOVED,REMOVED,REMOVED,REMOVED,1771.0471153259275,1784.0800285339355,0.1533396555724274,13593.888,2718.7776,1359.3888
10_mb.pdf,11081517,NaCl,lzma,Encryption First,60.69779396057129,4378.201723098755,11082168,21.99649810791016,38.07616233825684,9.013175964355469,17.624616622924805,7.086038589477539,11081590,REMOVED,REMOVED,REMOVED,REMOVED,REMOVED,REMOVED,REMOVED,REMOVED,REMOVED,4450.864553451538,4472.927570343018,1.000058746469459,88657.344,17731.468800000002,8865.734400000001
10_mb.pdf,11081517,AES,NoZip,Compression First,398.26035499572754,0.0,11081533,1.0707378387451172,376.9247531890869,7.091999053955078,26.328325271606445,8.104562759399414,11081550,REMOVED,REMOVED,REMOVED,REMOVED,REMOVED,REMOVED,REMOVED,REMOVED,REMOVED,730.1819324493408,757.6384544372559,1.0000014438456395,88652.264,17730.4528,8865.2264
10_mb.pdf,11081517,AES,NoZip,Encryption First,332.14449882507324,2.019166946411133,11081533,1.0159015655517578,404.53457832336426,6.163835525512695,14.010190963745115,7.087469100952148,11081566,REMOVED,REMOVED,REMOVED,REMOVED,REMOVED,REMOVED,REMOVED,REMOVED,REMOVED,683.5486888885498,703.7982940673828,1.0000014438456395,88652.264,17730.4528,8865.2264
10_mb.pdf,11081517,AES,bzip,Compression First,274.49989318847656,3898.4453678131104,7747060,1031.7349433898926,272.71556854248047,6.0272216796875,18.01276206970215,7.003068923950195,7747077,REMOVED,REMOVED,REMOVED,REMOVED,REMOVED,REMOVED,REMOVED,REMOVED,REMOVED,5364.32957649231,5387.351989746094,0.6990974250186144,61976.48,12395.296,6197.648
10_mb.pdf,11081517,AES,bzip,Encryption First,336.637020111084,2087.449073791504,11132589,869.5869445800781,385.6744766235352,8.016586303710938,19.4246768951416,8.996248245239258,11081566,REMOVED,REMOVED,REMOVED,REMOVED,REMOVED,REMOVED,REMOVED,REMOVED,REMOVED,3311.5997314453125,3334.3939781188965,1.0046087552814291,89060.712,17812.142399999997,8906.071199999998
10_mb.pdf,11081517,AES,gzip,Compression First,329.2088508605957,548.5429763793945,9892987,76.19976997375488,345.0946807861328,5.995512008666992,15.012741088867188,8.01396369934082,9893004,REMOVED,REMOVED,REMOVED,REMOVED,REMOVED,REMOVED,REMOVED,REMOVED,REMOVED,1203.7596702575684,1230.783462524414,0.8927466338769322,79143.896,15828.7792,7914.389599999999
10_mb.pdf,11081517,AES,gzip,Encryption First,329.7803401947021,458.641529083252,11084936,26.06797218322754,294.18253898620605,10.00070571899414,14.27149772644043,12.147188186645508,11081566,REMOVED,REMOVED,REMOVED,REMOVED,REMOVED,REMOVED,REMOVED,REMOVED,REMOVED,1071.592092514038,1092.5655364990234,1.0003085317651004,88679.488,17735.8976,8867.9488
10_mb.pdf,11081517,AES,zip,Compression First,341.1197662353516,529.0060043334961,9899173,86.24553680419922,344.04993057250977,6.086826324462891,16.321420669555664,8.562803268432617,9899190,REMOVED,REMOVED,REMOVED,REMOVED,REMOVED,REMOVED,REMOVED,REMOVED,REMOVED,1134.8841190338137,1161.0589027404783,0.8933048606973215,79193.384,15838.6768,7919.338400000001
10_mb.pdf,11081517,AES,zip,Encryption First,299.2112636566162,513.9577388763428,11085024,37.21094131469727,393.53060722351074,8.03995132446289,26.314258575439453,255.65385818481445,11081566,REMOVED,REMOVED,REMOVED,REMOVED,REMOVED,REMOVED,REMOVED,REMOVED,REMOVED,1124.7873306274414,1163.2061004638672,1.0003164729161178,88680.192,17736.038399999998,8868.019199999999
10_mb.pdf,11081517,AES,lzma,Compression First,65.56534767150879,1599.6901988983154,1699212,155.65943717956543,62.17193603515625,3.036975860595703,10.01262664794922,8.006095886230469,1699229,REMOVED,REMOVED,REMOVED,REMOVED,REMOVED,REMOVED,REMOVED,REMOVED,REMOVED,1822.242259979248,1841.8195247650144,0.1533374898039681,13593.696,2718.7392,1359.3696
10_mb.pdf,11081517,AES,lzma,Encryption First,367.6879405975342,4703.074216842651,11082144,20.01070976257324,367.88249015808105,7.01594352722168,17.32635498046875,9.042978286743164,11081566,REMOVED,REMOVED,REMOVED,REMOVED,REMOVED,REMOVED,REMOVED,REMOVED,REMOVED,5263.810396194458,5284.831762313843,1.0000565807009998,88657.152,17731.430399999997,8865.715199999999
enwik8_10mb.txt,10239975,NoEnc,NoZip,Compression First,0.9853839874267578,0.9999275207519532,10239975,0.0,0.0,6.00123405456543,131.8359375,7.998943328857422,10240008,REMOVED,REMOVED,REMOVED,REMOVED,REMOVED,REMOVED,REMOVED,REMOVED,REMOVED,0.9999275207519532,144.8361873626709,1.0,81919.8,16383.96,8191.98
enwik8_10mb.txt,10239975,NoEnc,NoZip,Encryption First,0.9853839874267578,0.0,10239975,0.9996891021728516,0.0,7.992267608642578,127.04634666442873,8.090734481811523,10240008,REMOVED,REMOVED,REMOVED,REMOVED,REMOVED,REMOVED,REMOVED,REMOVED,REMOVED,0.9996891021728516,136.03472709655762,1.0,81919.8,16383.96,8191.98
enwik8_10mb.txt,10239975,NoEnc,bzip,Compression First,1.019001007080078,925.2116680145264,2955289,490.2486801147461,1.0824203491210938,3.93366813659668,12.099981307983398,6.000280380249023,2955322,REMOVED,REMOVED,REMOVED,REMOVED,REMOVED,REMOVED,REMOVED,REMOVED,REMOVED,1410.8679294586182,1425.9233474731443,0.2886031460037744,23642.312,4728.4624,2364.2312
enwik8_10mb.txt,10239975,NoEnc,bzip,Encryption First,0.0,1144.803762435913,2955289,461.1053466796875,1.180410385131836,5.176305770874023,12.037515640258787,7.28607177734375,10240008,REMOVED,REMOVED,REMOVED,REMOVED,REMOVED,REMOVED,REMOVED,REMOVED,REMOVED,1514.308214187622,1531.0919284820557,0.2886031460037744,23642.312,4728.4624,2364.2312
enwik8_10mb.txt,10239975,NoEnc,gzip,Compression First,1.0039806365966797,863.6231422424316,3743387,55.36246299743652,1.001596450805664,2.997875213623047,11.164426803588867,5.07807731628418,3743420,REMOVED,REMOVED,REMOVED,REMOVED,REMOVED,REMOVED,REMOVED,REMOVED,REMOVED,907.6321125030518,922.766923904419,0.3655660292139385,29947.096,5989.4192,2994.7096
enwik8_10mb.txt,10239975,NoEnc,gzip,Encryption First,0.0,1158.863544464111,3743387,88.73510360717773,1.033306121826172,3.1147003173828125,12.144327163696287,6.194353103637695,10240008,REMOVED,REMOVED,REMOVED,REMOVED,REMOVED,REMOVED,REMOVED,REMOVED,REMOVED,1205.8639526367188,1223.8636016845703,0.3655660292139385,29947.096,5989.4192,2994.7096
enwik8_10mb.txt,10239975,NoEnc,zip,Compression First,1.097917556762695,595.794677734375,3752501,58.15792083740234,1.0223388671875,3.015279769897461,20.087480545043945,6.092071533203125,3752534,REMOVED,REMOVED,REMOVED,REMOVED,REMOVED,REMOVED,REMOVED,REMOVED,REMOVED,649.7933864593506,666.8107509613037,0.3664560704493907,30020.008,6004.0016,3002.0008
enwik8_10mb.txt,10239975,NoEnc,zip,Encryption First,0.0,774.1198539733887,3752501,54.23855781555176,1.0204315185546875,4.000663757324219,18.024444580078125,5.01704216003418,10240008,REMOVED,REMOVED,REMOVED,REMOVED,REMOVED,REMOVED,REMOVED,REMOVED,REMOVED,829.3650150299072,851.3784408569336,0.3664560704493907,30020.008,6004.0016,3002.0008
enwik8_10mb.txt,10239975,NoEnc,lzma,Compression First,1.0950565338134766,8324.916124343872,2761620,218.8971042633057,1.0883808135986328,3.999471664428711,12.929439544677734,8.098602294921875,2761653,REMOVED,REMOVED,REMOVED,REMOVED,REMOVED,REMOVED,REMOVED,REMOVED,REMOVED,8494.070053100586,8506.009340286255,0.2696901115481239,22092.96,4418.592,2209.296
enwik8_10mb.txt,10239975,NoEnc,lzma,Encryption First,0.0,8072.646856307983,2761620,257.98583030700684,1.0213851928710938,3.994226455688477,12.015104293823242,7.1010589599609375,10240008,REMOVED,REMOVED,REMOVED,REMOVED,REMOVED,REMOVED,REMOVED,REMOVED,REMOVED,8255.152463912964,8270.137548446655,0.2696901115481239,22092.96,4418.592,2209.296
enwik8_10mb.txt,10239975,Fernet,NoZip,Compression First,134.6597671508789,0.0,13653388,1.019001007080078,97.14174270629884,11.095285415649414,21.093130111694336,6.999492645263672,10240008,REMOVED,REMOVED,REMOVED,REMOVED,REMOVED,REMOVED,REMOVED,REMOVED,REMOVED,207.1707248687744,236.1960411071777,1.3333419271043143,109227.104,21845.4208,10922.7104
enwik8_10mb.txt,10239975,Fernet,NoZip,Encryption First,147.57275581359863,1.007080078125,13653388,1.079082489013672,109.01451110839844,8.003950119018555,22.008419036865234,7.027387619018555,13653421,REMOVED,REMOVED,REMOVED,REMOVED,REMOVED,REMOVED,REMOVED,REMOVED,REMOVED,226.35960578918457,248.3770847320557,1.3333419271043143,109227.104,21845.4208,10922.7104
enwik8_10mb.txt,10239975,Fernet,bzip,Compression First,39.92676734924317,1018.298864364624,3940472,634.3822479248047,36.0112190246582,4.067182540893555,11.01231575012207,8.066892623901367,2955322,REMOVED,REMOVED,REMOVED,REMOVED,REMOVED,REMOVED,REMOVED,REMOVED,REMOVED,1609.8592281341553,1624.6564388275146,0.3848126582340289,31523.776,6304.7552000000005,3152.3776000000003
enwik8_10mb.txt,10239975,Fernet,bzip,Encryption First,142.03143119812012,1574.010133743286,10313888,965.8303260803224,125.51259994506836,8.004188537597656,19.01817321777344,6.103515625,13653421,REMOVED,REMOVED,REMOVED,REMOVED,REMOVED,REMOVED,REMOVED,REMOVED,REMOVED,2533.503532409668,2560.5361461639404,1.0072180840285254,82511.104,16502.2208,8251.1104
enwik8_10mb.txt,10239975,Fernet,gzip,Compression First,39.99781608581543,1060.2567195892334,4991268,58.1815242767334,43.71190071105957,4.04667854309082,14.031171798706056,6.003618240356445,3743420,REMOVED,REMOVED,REMOVED,REMOVED,REMOVED,REMOVED,REMOVED,REMOVED,REMOVED,1168.2538986206057,1182.2326183319092,0.4874297056389298,39930.144,7986.0288,3993.0144
enwik8_10mb.txt,10239975,Fernet,gzip,Encryption First,150.10881423950195,764.1642093658447,10343046,66.07794761657715,90.63029289245604,6.554365158081055,14.96267318725586,7.019519805908203,13653421,REMOVED,REMOVED,REMOVED,REMOVED,REMOVED,REMOVED,REMOVED,REMOVED,REMOVED,1005.500078201294,1027.6470184326172,1.0100655519178514,82744.368,16548.8736,8274.4368
enwik8_10mb.txt,10239975,Fernet,zip,Compression First,50.00495910644531,706.0770988464355,5003428,74.02276992797852,39.08371925354004,4.078865051269531,14.01376724243164,7.032871246337891,3752534,REMOVED,REMOVED,REMOVED,REMOVED,REMOVED,REMOVED,REMOVED,REMOVED,REMOVED,821.3839530944824,837.7306461334229,0.4886172085381068,40027.424,8005.4848,4002.7424
enwik8_10mb.txt,10239975,Fernet,zip,Encryption First,98.09565544128418,924.1466522216796,10343120,124.66025352478027,124.5713233947754,7.01451301574707,24.190902709960938,8.101224899291992,13653421,REMOVED,REMOVED,REMOVED,REMOVED,REMOVED,REMOVED,REMOVED,REMOVED,REMOVED,1229.8212051391602,1253.901481628418,1.0100727784979944,82744.96,16548.992,8274.496
enwik8_10mb.txt,10239975,Fernet,lzma,Compression First,42.391300201416016,8189.440250396728,3682252,273.73194694519043,44.92354393005371,3.0896663665771484,14.27912712097168,7.001161575317383,2761653,REMOVED,REMOVED,REMOVED,REMOVED,REMOVED,REMOVED,REMOVED,REMOVED,REMOVED,8370.117664337158,8386.626482009888,0.359595799794433,29458.016,5891.6032000000005,2945.8016
enwik8_10mb.txt,10239975,Fernet,lzma,Encryption First,121.6421127319336,6764.495611190796,10456396,941.5223598480223,127.5327205657959,7.061481475830078,20.3547477722168,7.036447525024414,13653421,REMOVED,REMOVED,REMOVED,REMOVED,REMOVED,REMOVED,REMOVED,REMOVED,REMOVED,7515.854358673096,7534.116983413696,1.0211349148801634,83651.168,16730.2336,8365.1168
enwik8_10mb.txt,10239975,NaCl,NoZip,Compression First,40.99178314208984,1.009225845336914,10240015,1.0285377502441406,43.16520690917969,6.036043167114258,16.03102684020996,7.922172546386719,10240008,REMOVED,REMOVED,REMOVED,REMOVED,REMOVED,REMOVED,REMOVED,REMOVED,REMOVED,83.15253257751465,101.14431381225586,1.0000039062595367,81920.12,16384.024,8192.012
enwik8_10mb.txt,10239975,NaCl,NoZip,Encryption First,47.02496528625488,2.01416015625,10240015,1.0225772857666016,49.38936233520508,7.002115249633789,15.012025833129885,7.011175155639648,10240048,REMOVED,REMOVED,REMOVED,REMOVED,REMOVED,REMOVED,REMOVED,REMOVED,REMOVED,81.03752136230469,100.04043579101562,1.0000039062595367,81920.12,16384.024,8192.012
enwik8_10mb.txt,10239975,NaCl,bzip,Compression First,15.021085739135742,972.2793102264404,2955329,508.6419582366944,19.062042236328125,3.386259078979492,13.100624084472656,6.999969482421875,2955322,REMOVED,REMOVED,REMOVED,REMOVED,REMOVED,REMOVED,REMOVED,REMOVED,REMOVED,1393.2714462280271,1408.2608222961426,0.2886070522633112,23642.632,4728.526400000001,2364.2632000000003
enwik8_10mb.txt,10239975,NaCl,bzip,Encryption First,50.354719161987305,1652.0614624023438,10287149,880.9151649475098,41.68891906738281,6.088018417358398,15.998125076293944,7.048606872558594,10240048,REMOVED,REMOVED,REMOVED,REMOVED,REMOVED,REMOVED,REMOVED,REMOVED,REMOVED,2613.668441772461,2635.6916427612305,1.0046068471846854,82297.192,16459.4384,8229.7192
enwik8_10mb.txt,10239975,NaCl,gzip,Compression First,13.97085189819336,748.0659484863281,3743427,60.0430965423584,17.972469329833984,3.369331359863281,13.058900833129885,6.993770599365234,3743420,REMOVED,REMOVED,REMOVED,REMOVED,REMOVED,REMOVED,REMOVED,REMOVED,REMOVED,816.359281539917,828.3281326293945,0.3655699354734752,29947.416,5989.483200000001,2994.7416000000003
enwik8_10mb.txt,10239975,NaCl,gzip,Encryption First,41.98122024536133,439.1689300537109,10243158,23.12254905700684,38.45047950744629,7.114648818969727,19.197702407836918,7.045745849609375,10240048,REMOVED,REMOVED,REMOVED,REMOVED,REMOVED,REMOVED,REMOVED,REMOVED,REMOVED,511.57069206237793,539.8273468017578,1.0003108406026382,81945.264,16389.0528,8194.5264
enwik8_10mb.txt,10239975,NaCl,zip,Compression First,21.15178108215332,717.6733016967773,3752541,85.0982666015625,24.32847023010254,3.0226707458496094,13.239622116088867,6.083488464355469,3752534,REMOVED,REMOVED,REMOVED,REMOVED,REMOVED,REMOVED,REMOVED,REMOVED,REMOVED,821.8061923980713,837.4853134155273,0.3664599767089275,30020.328,6004.0656,3002.0328
enwik8_10mb.txt,10239975,NaCl,zip,Encryption First,55.45806884765625,439.0010833740234,10243246,33.080339431762695,53.61127853393555,7.562875747680664,23.52237701416016,7.01141357421875,10240048,REMOVED,REMOVED,REMOVED,REMOVED,REMOVED,REMOVED,REMOVED,REMOVED,REMOVED,529.5469760894775,562.333345413208,1.000319434373619,81945.968,16389.1936,8194.5968
enwik8_10mb.txt,10239975,NaCl,lzma,Compression First,13.98634910583496,8253.838539123535,2761660,177.60944366455078,15.08164405822754,3.618240356445313,11.993646621704102,6.999731063842773,2761653,REMOVED,REMOVED,REMOVED,REMOVED,REMOVED,REMOVED,REMOVED,REMOVED,REMOVED,8432.224750518799,8450.195789337158,0.2696940178076606,22093.28,4418.656,2209.328
enwik8_10mb.txt,10239975,NaCl,lzma,Encryption First,54.12507057189941,4162.652492523193,10240584,25.525569915771484,34.072160720825195,6.998062133789063,18.28575134277344,7.0972442626953125,10240048,REMOVED,REMOVED,REMOVED,REMOVED,REMOVED,REMOVED,REMOVED,REMOVED,REMOVED,4231.323957443237,4252.281427383423,1.0000594728014474,81924.672,16384.934400000002,8192.467200000001
enwik8_10mb.txt,10239975,AES,NoZip,Compression First,324.66745376586914,0.0,10239991,1.0156631469726562,337.925672531128,6.035804748535156,18.013477325439453,5.982160568237305,10240008,REMOVED,REMOVED,REMOVED,REMOVED,REMOVED,REMOVED,REMOVED,REMOVED,REMOVED,660.8788967132568,686.9616508483887,1.0000015625038148,81919.928,16383.9856,8191.9928
enwik8_10mb.txt,10239975,AES,NoZip,Encryption First,357.7368259429932,1.966714859008789,10239991,1.015424728393555,351.5048027038574,7.002592086791992,17.124652862548828,8.047103881835938,10240024,REMOVED,REMOVED,REMOVED,REMOVED,REMOVED,REMOVED,REMOVED,REMOVED,REMOVED,623.7366199493408,643.7375545501709,1.0000015625038148,81919.928,16383.9856,8191.9928
enwik8_10mb.txt,10239975,AES,bzip,Compression First,97.31364250183104,1019.669771194458,2955305,586.6193771362305,92.0557975769043,3.856420516967773,12.083292007446287,6.976127624511719,2955322,REMOVED,REMOVED,REMOVED,REMOVED,REMOVED,REMOVED,REMOVED,REMOVED,REMOVED,1697.0837116241455,1717.0844078063965,0.2886047085075891,23642.44,4728.488,2364.244
enwik8_10mb.txt,10239975,AES,bzip,Encryption First,317.8832530975342,1785.6953144073486,10287745,894.0765857696533,271.98266983032227,7.004261016845703,16.6471004486084,8.653879165649414,10240024,REMOVED,REMOVED,REMOVED,REMOVED,REMOVED,REMOVED,REMOVED,REMOVED,REMOVED,3032.754421234131,3059.373140335083,1.0046650504517831,82301.96,16460.392,8230.196
enwik8_10mb.txt,10239975,AES,gzip,Compression First,117.94352531433104,889.9354934692383,3743403,56.97154998779297,110.33129692077635,3.0317306518554688,10.518312454223633,6.001949310302734,3743420,REMOVED,REMOVED,REMOVED,REMOVED,REMOVED,REMOVED,REMOVED,REMOVED,REMOVED,1125.812292098999,1138.7691497802734,0.3655675917177532,29947.224,5989.4448,2994.7224
enwik8_10mb.txt,10239975,AES,gzip,Encryption First,277.7678966522217,440.4144287109375,10243134,23.001670837402344,385.6699466705322,6.127595901489258,14.289379119873049,7.165670394897461,10240024,REMOVED,REMOVED,REMOVED,REMOVED,REMOVED,REMOVED,REMOVED,REMOVED,REMOVED,1061.8505477905271,1088.1521701812744,1.000308496846916,81945.072,16389.0144,8194.5072
enwik8_10mb.txt,10239975,AES,zip,Compression First,104.6428680419922,670.9074974060059,3752517,68.23992729187012,118.4213161468506,2.996683120727539,13.000011444091797,6.008386611938477,3752534,REMOVED,REMOVED,REMOVED,REMOVED,REMOVED,REMOVED,REMOVED,REMOVED,REMOVED,923.1793880462646,934.8251819610596,0.3664576329532054,30020.136,6004.0272,3002.0136
enwik8_10mb.txt,10239975,AES,zip,Encryption First,338.3016586303711,449.9647617340088,10243222,32.42206573486328,404.9265384674072,7.054328918457031,23.117542266845703,6.997585296630859,10240024,REMOVED,REMOVED,REMOVED,REMOVED,REMOVED,REMOVED,REMOVED,REMOVED,REMOVED,1153.7728309631348,1187.9384517669678,1.000317090617897,81945.776,16389.1552,8194.5776
enwik8_10mb.txt,10239975,AES,lzma,Compression First,122.5287914276123,8095.264434814453,2761636,275.41041374206543,123.27289581298828,3.80706787109375,12.00556755065918,7.930755615234375,2761653,REMOVED,REMOVED,REMOVED,REMOVED,REMOVED,REMOVED,REMOVED,REMOVED,REMOVED,8382.57622718811,8397.680282592773,0.2696916740519386,22093.088,4418.6176,2209.3088
enwik8_10mb.txt,10239975,AES,lzma,Encryption First,365.30137062072754,4044.97504234314,10240560,32.13047981262207,376.61099433898926,5.090236663818359,21.16537094116211,6.128787994384766,10240024,REMOVED,REMOVED,REMOVED,REMOVED,REMOVED,REMOVED,REMOVED,REMOVED,REMOVED,4645.581960678101,4666.171550750732,1.0000571290457252,81924.48,16384.896,8192.448
enwik8_95mb.txt,101128023,NoEnc,NoZip,Compression First,0.0,0.9999275207519532,101128023,0.0,0.0,1994.4705963134768,191.73383712768555,2078.883647918701,101128056,REMOVED,REMOVED,REMOVED,REMOVED,REMOVED,REMOVED,REMOVED,REMOVED,REMOVED,0.9999275207519532,2722.022533416748,1.0,809024.184,161804.83680000002,80902.41840000001
enwik8_95mb.txt,101128023,NoEnc,NoZip,Encryption First,1.000165939331055,1.0159015655517578,101128023,0.9999275207519532,0.0,1485.5303764343262,196.4712142944336,664.6335124969482,101128056,REMOVED,REMOVED,REMOVED,REMOVED,REMOVED,REMOVED,REMOVED,REMOVED,REMOVED,1.996755599975586,2024.3093967437744,1.0,809024.184,161804.83680000002,80902.41840000001
enwik8_95mb.txt,101128023,NoEnc,bzip,Compression First,7.001638412475586,8608.709335327148,29037374,5141.964673995972,5.01704216003418,356.54497146606445,32.01889991760254,717.5700664520264,29037407,REMOVED,REMOVED,REMOVED,REMOVED,REMOVED,REMOVED,REMOVED,REMOVED,REMOVED,13714.023351669312,14533.99109840393,0.2871347934884478,232298.992,46459.7984,23229.8992
enwik8_95mb.txt,101128023,NoEnc,bzip,Encryption First,0.0,9362.046718597412,29037374,4233.377933502197,6.092548370361328,266.44182205200195,29.40225601196289,2581.852912902832,101128056,REMOVED,REMOVED,REMOVED,REMOVED,REMOVED,REMOVED,REMOVED,REMOVED,REMOVED,13486.00721359253,16186.171054840088,0.2871347934884478,232298.992,46459.7984,23229.8992
enwik8_95mb.txt,101128023,NoEnc,gzip,Compression First,4.04047966003418,7769.18888092041,36559305,683.0825805664062,3.015756607055664,552.7651309967041,35.073280334472656,2019.5543766021729,36559338,REMOVED,REMOVED,REMOVED,REMOVED,REMOVED,REMOVED,REMOVED,REMOVED,REMOVED,8211.899995803833,10172.547340393066,0.3615150767853931,292474.44,58494.888,29247.444
enwik8_95mb.txt,101128023,NoEnc,gzip,Encryption First,0.0,7346.284866333008,36559305,610.1858615875244,7.096052169799805,322.6909637451172,36.09275817871094,2355.042695999145,101128056,REMOVED,REMOVED,REMOVED,REMOVED,REMOVED,REMOVED,REMOVED,REMOVED,REMOVED,7791.677713394165,9558.55631828308,0.3615150767853931,292474.44,58494.888,29247.444
enwik8_95mb.txt,101128023,NoEnc,zip,Compression First,6.002664566040039,6599.143028259277,36634919,793.407678604126,2.9981136322021484,588.6132717132568,37.20235824584961,1479.722261428833,36634952,REMOVED,REMOVED,REMOVED,REMOVED,REMOVED,REMOVED,REMOVED,REMOVED,REMOVED,7133.033037185669,9212.3920917511,0.3622627824930385,293079.352,58615.8704,29307.9352
enwik8_95mb.txt,101128023,NoEnc,zip,Encryption First,0.9899139404296876,6750.39529800415,36634919,635.4548931121826,9.006977081298828,446.840763092041,35.30168533325195,2760.200023651123,101128056,REMOVED,REMOVED,REMOVED,REMOVED,REMOVED,REMOVED,REMOVED,REMOVED,REMOVED,7229.599237442017,10158.952236175535,0.3622627824930385,293079.352,58615.8704,29307.9352
enwik8_95mb.txt,101128023,NoEnc,lzma,Compression First,4.006385803222656,93157.42707252502,26434536,1963.7629985809328,2.9959678649902344,653.6283493041992,25.09284019470215,2712.069034576416,26434569,REMOVED,REMOVED,REMOVED,REMOVED,REMOVED,REMOVED,REMOVED,REMOVED,REMOVED,94837.94355392456,96888.4916305542,0.2613967445996645,211476.288,42295.2576,21147.6288
enwik8_95mb.txt,101128023,NoEnc,lzma,Encryption First,0.0,88993.79539489746,26434536,1919.289350509644,4.9991607666015625,639.9431228637695,28.10192108154297,2215.727567672729,101128056,REMOVED,REMOVED,REMOVED,REMOVED,REMOVED,REMOVED,REMOVED,REMOVED,REMOVED,90805.0286769867,91063.75980377196,0.2613967445996645,211476.288,42295.2576,21147.6288
enwik8_95mb.txt,101128023,Fernet,NoZip,Compression First,1006.6332817077636,0.9889602661132812,134837452,5.000114440917969,871.2358474731445,1546.3073253631592,82.6575756072998,2068.262815475464,101128056,REMOVED,REMOVED,REMOVED,REMOVED,REMOVED,REMOVED,REMOVED,REMOVED,REMOVED,1720.2751636505127,4201.055526733398,1.3333342035174562,1078699.616,215739.9232,107869.9616
enwik8_95mb.txt,101128023,Fernet,NoZip,Encryption First,1037.423610687256,2.002239227294922,134837452,3.020048141479492,912.1923446655272,3408.240795135498,101.4704704284668,1676.217555999756,134837485,REMOVED,REMOVED,REMOVED,REMOVED,REMOVED,REMOVED,REMOVED,REMOVED,REMOVED,1758.2180500030518,5417.702436447144,1.3333342035174562,1078699.616,215739.9232,107869.9616
enwik8_95mb.txt,101128023,Fernet,bzip,Compression First,321.03991508483887,8888.36121559143,38716580,5165.545701980591,305.6201934814453,299.5152473449707,35.300493240356445,994.1210746765136,29037407,REMOVED,REMOVED,REMOVED,REMOVED,REMOVED,REMOVED,REMOVED,REMOVED,REMOVED,14478.94048690796,15296.32544517517,0.3828471955790137,309732.64,61946.528,30973.264
enwik8_95mb.txt,101128023,Fernet,bzip,Encryption First,1032.7975749969482,12908.926248550417,101842445,8994.55714225769,867.7692413330078,677.767276763916,60.32252311706543,2777.024507522583,134837485,REMOVED,REMOVED,REMOVED,REMOVED,REMOVED,REMOVED,REMOVED,REMOVED,REMOVED,23041.36347770691,23573.118925094604,1.00706453047144,814739.56,162947.912,81473.956
enwik8_95mb.txt,101128023,Fernet,gzip,Compression First,425.4763126373291,7986.727237701416,48745828,678.3297061920166,322.9718208312988,304.072380065918,38.9556884765625,1667.924404144287,36559338,REMOVED,REMOVED,REMOVED,REMOVED,REMOVED,REMOVED,REMOVED,REMOVED,REMOVED,9011.648416519163,9911.153316497805,0.4820209725646471,389966.624,77993.3248,38996.6624
enwik8_95mb.txt,101128023,Fernet,gzip,Encryption First,1137.3374462127686,7293.530225753784,102143983,847.724199295044,913.564920425415,675.8558750152588,78.58395576477051,1193.798542022705,134837485,REMOVED,REMOVED,REMOVED,REMOVED,REMOVED,REMOVED,REMOVED,REMOVED,REMOVED,9570.5087184906,10747.782707214355,1.0100462756994666,817151.864,163430.3728,81715.1864
enwik8_95mb.txt,101128023,Fernet,zip,Compression First,471.3490009307861,6409.594535827637,48846648,727.6902198791504,352.9982566833496,1014.1315460205078,33.048152923583984,1095.3528881072998,36634952,REMOVED,REMOVED,REMOVED,REMOVED,REMOVED,REMOVED,REMOVED,REMOVED,REMOVED,7472.339391708374,8708.610534667969,0.4830179266927822,390773.184,78154.6368,39077.3184
enwik8_95mb.txt,101128023,Fernet,zip,Encryption First,1043.144941329956,7019.720554351807,102143956,1123.7282752990725,924.9813556671144,1714.5674228668213,63.57836723327637,2099.658489227295,134837485,REMOVED,REMOVED,REMOVED,REMOVED,REMOVED,REMOVED,REMOVED,REMOVED,REMOVED,9511.433362960815,11234.350204467772,1.0100460087111562,817151.648,163430.3296,81715.1648
enwik8_95mb.txt,101128023,Fernet,lzma,Compression First,323.3284950256348,87995.65005302429,35246136,1941.3740634918213,281.16321563720703,652.4548530578613,33.21242332458496,2238.8150691986084,26434569,REMOVED,REMOVED,REMOVED,REMOVED,REMOVED,REMOVED,REMOVED,REMOVED,REMOVED,90257.54141807556,90458.78791809082,0.3485298629836756,281969.088,56393.8176,28196.9088
enwik8_95mb.txt,101128023,Fernet,lzma,Encryption First,1057.4951171875,71133.18848609924,103257640,6969.897747039795,978.43337059021,1634.0203285217283,55.92751502990723,1894.1845893859863,134837485,REMOVED,REMOVED,REMOVED,REMOVED,REMOVED,REMOVED,REMOVED,REMOVED,REMOVED,79644.34838294983,80124.64141845703,1.0210586238791597,826061.12,165212.224,82606.112
enwik8_95mb.txt,101128023,NaCl,NoZip,Compression First,363.3975982666016,0.0,101128063,9.999513626098633,313.4942054748535,917.914867401123,57.44767189025879,2214.574098587036,101128056,REMOVED,REMOVED,REMOVED,REMOVED,REMOVED,REMOVED,REMOVED,REMOVED,REMOVED,611.799955368042,3032.3681831359863,1.0000003955382375,809024.504,161804.9008,80902.4504
enwik8_95mb.txt,101128023,NaCl,NoZip,Encryption First,328.8755416870117,28.356075286865234,101128063,7.234096527099609,376.9147396087647,1268.9552307128906,70.67489624023438,2092.4015045166016,101128096,REMOVED,REMOVED,REMOVED,REMOVED,REMOVED,REMOVED,REMOVED,REMOVED,REMOVED,629.5554637908936,3375.54669380188,1.0000003955382375,809024.504,161804.9008,80902.4504
enwik8_95mb.txt,101128023,NaCl,bzip,Compression First,144.3941593170166,8969.603300094604,29037414,4994.8570728302,107.69009590148926,245.0416088104248,29.1900634765625,1391.1464214324951,29037407,REMOVED,REMOVED,REMOVED,REMOVED,REMOVED,REMOVED,REMOVED,REMOVED,REMOVED,14131.577014923096,14921.915531158447,0.2871351890266855,232299.312,46459.8624,23229.9312
enwik8_95mb.txt,101128023,NaCl,bzip,Encryption First,376.2376308441162,15802.771091461182,101581028,5989.469766616821,367.9885864257813,2859.4534397125244,77.00181007385254,1590.939998626709,101128096,REMOVED,REMOVED,REMOVED,REMOVED,REMOVED,REMOVED,REMOVED,REMOVED,REMOVED,21622.67827987671,23800.59814453125,1.0044795199842875,812648.224,162529.6448,81264.8224
enwik8_95mb.txt,101128023,NaCl,gzip,Compression First,191.21217727661133,7547.054529190063,36559345,602.1409034729004,159.28316116333008,687.9701614379883,32.082557678222656,1053.1401634216309,36559338,REMOVED,REMOVED,REMOVED,REMOVED,REMOVED,REMOVED,REMOVED,REMOVED,REMOVED,8248.218774795532,9078.2630443573,0.3615154723236308,292474.76,58494.952,29247.476
enwik8_95mb.txt,101128023,NaCl,gzip,Encryption First,354.8622131347656,3880.4333209991455,101158931,173.00105094909668,341.930627822876,1687.5534057617188,93.9340591430664,1876.354455947876,101128096,REMOVED,REMOVED,REMOVED,REMOVED,REMOVED,REMOVED,REMOVED,REMOVED,REMOVED,4522.086381912231,5815.929889678955,1.000305632396275,809271.448,161854.2896,80927.1448
enwik8_95mb.txt,101128023,NaCl,zip,Compression First,165.64083099365234,6575.304985046387,36634959,748.6979961395264,123.89636039733888,653.1124114990234,33.28490257263184,1425.4286289215088,36634952,REMOVED,REMOVED,REMOVED,REMOVED,REMOVED,REMOVED,REMOVED,REMOVED,REMOVED,7276.700735092163,8215.229511260986,0.3622631780312763,293079.672,58615.9344,29307.9672
enwik8_95mb.txt,101128023,NaCl,zip,Encryption First,346.7977046966553,3752.7780532836914,101159019,265.6137943267822,355.94820976257324,1781.7785739898682,80.50966262817383,1929.7254085540767,101128096,REMOVED,REMOVED,REMOVED,REMOVED,REMOVED,REMOVED,REMOVED,REMOVED,REMOVED,4443.739652633667,6521.013498306274,1.0003065025803974,809272.152,161854.4304,80927.2152
enwik8_95mb.txt,101128023,NaCl,lzma,Compression First,110.86821556091309,87870.8610534668,26434576,2014.833211898804,66.9717788696289,276.85546875,29.99281883239746,2094.057559967041,26434569,REMOVED,REMOVED,REMOVED,REMOVED,REMOVED,REMOVED,REMOVED,REMOVED,REMOVED,89814.2237663269,90056.12659454346,0.2613971401379022,211476.608,42295.3216,21147.6608
enwik8_95mb.txt,101128023,NaCl,lzma,Encryption First,357.64265060424805,41091.24565124512,101133132,220.4580307006836,344.6340560913086,2625.528573989868,79.11443710327148,1779.6313762664795,101128096,REMOVED,REMOVED,REMOVED,REMOVED,REMOVED,REMOVED,REMOVED,REMOVED,REMOVED,41767.94958114624,43249.19843673706,1.000050520121411,809065.056,161813.01119999998,80906.50559999999
enwik8_95mb.txt,101128023,AES,NoZip,Compression First,3205.396890640259,0.0,101128039,10.000944137573242,3037.957668304444,1338.4830951690674,58.38370323181152,1805.363655090332,101128056,REMOVED,REMOVED,REMOVED,REMOVED,REMOVED,REMOVED,REMOVED,REMOVED,REMOVED,5768.097877502441,7384.838342666626,1.000000158215295,809024.312,161804.8624,80902.4312
enwik8_95mb.txt,101128023,AES,NoZip,Encryption First,3002.2878646850586,14.99342918395996,101128039,7.065773010253906,3072.315692901612,2118.7491416931152,66.64872169494629,1766.2084102630615,101128072,REMOVED,REMOVED,REMOVED,REMOVED,REMOVED,REMOVED,REMOVED,REMOVED,REMOVED,5969.127178192139,7925.612688064575,1.000000158215295,809024.312,161804.8624,80902.4312
enwik8_95mb.txt,101128023,AES,bzip,Compression First,1022.0205783843994,8818.093299865723,29037390,4953.125476837158,969.6240425109864,322.5834369659424,29.93464469909668,976.0994911193848,29037407,REMOVED,REMOVED,REMOVED,REMOVED,REMOVED,REMOVED,REMOVED,REMOVED,REMOVED,15194.594383239746,15982.256174087524,0.2871349517037428,232299.12,46459.824,23229.912
enwik8_95mb.txt,101128023,AES,bzip,Encryption First,2922.994375228882,15166.1274433136,101578697,6128.67546081543,3026.2014865875244,1959.139347076416,61.50221824645996,781.5361022949219,101128072,REMOVED,REMOVED,REMOVED,REMOVED,REMOVED,REMOVED,REMOVED,REMOVED,REMOVED,26344.295740127563,28157.69863128662,1.0044564699934857,812629.576,162525.9152,81262.9576
enwik8_95mb.txt,101128023,AES,gzip,Compression First,1282.165765762329,7703.430652618408,36559321,658.6337089538574,1131.6943168640137,176.75542831420898,34.110307693481445,1123.908281326294,36559338,REMOVED,REMOVED,REMOVED,REMOVED,REMOVED,REMOVED,REMOVED,REMOVED,REMOVED,10071.08473777771,11036.741733551024,0.3615152350006881,292474.568,58494.9136,29247.4568
enwik8_95mb.txt,101128023,AES,gzip,Encryption First,2924.0293502807617,3315.563440322876,101158907,191.66231155395508,3015.376567840576,1932.5339794158936,71.6867446899414,1793.1945323944092,101128072,REMOVED,REMOVED,REMOVED,REMOVED,REMOVED,REMOVED,REMOVED,REMOVED,REMOVED,8735.31174659729,10735.860586166382,1.000305395073332,809271.256,161854.2512,80927.1256
enwik8_95mb.txt,101128023,AES,zip,Compression First,1159.9082946777344,6218.704700469971,36634935,718.7561988830566,1197.4024772644043,714.5447731018066,32.03535079956055,1481.7183017730713,36634952,REMOVED,REMOVED,REMOVED,REMOVED,REMOVED,REMOVED,REMOVED,REMOVED,REMOVED,8548.025131225586,9585.455179214478,0.3622629407083336,293079.48,58615.896,29307.948
enwik8_95mb.txt,101128023,AES,zip,Encryption First,2879.6849250793457,3452.388048171997,101158995,225.1124382019043,3029.090404510498,1752.2399425506592,57.94668197631836,1233.0186367034912,101128072,REMOVED,REMOVED,REMOVED,REMOVED,REMOVED,REMOVED,REMOVED,REMOVED,REMOVED,8975.14820098877,10758.917808532717,1.0003062652574548,809271.96,161854.392,80927.196
enwik8_95mb.txt,101128023,AES,lzma,Compression First,918.1983470916748,88084.33794975281,26434552,1990.5025959014893,874.1471767425537,315.6569004058838,31.95476531982422,3094.170570373535,26434569,REMOVED,REMOVED,REMOVED,REMOVED,REMOVED,REMOVED,REMOVED,REMOVED,REMOVED,91348.00505638124,91584.56873893738,0.2613969028149596,211476.416,42295.283200000005,21147.641600000003
enwik8_95mb.txt,101128023,AES,lzma,Encryption First,2912.0240211486816,41562.543630599976,101133108,208.4043025970459,2983.616590499878,2250.973463058472,60.11009216308594,2636.585235595703,101128072,REMOVED,REMOVED,REMOVED,REMOVED,REMOVED,REMOVED,REMOVED,REMOVED,REMOVED,46247.65753746033,49984.827756881714,1.0000502827984683,809064.864,161812.97280000002,80906.48640000001
